Training_Length,Hidden_Neurons,Avg_Test_Loss,Std_Test_Loss,Avg_Test_Acc,Std_Test_Acc
16,"(2,)",0.28092411532998085,0.03087173029780388,0.5546875,0.0078125
16,"(4,)",0.26113438606262207,0.02656666934490204,0.546875,0.15625
16,"(8,)",0.26920703053474426,0.0013864338397979736,0.5390625,0.0078125
32,"(2,)",0.2738814987242222,0.028259556740522385,0.5078125,0.0078125
32,"(4,)",0.2605411820113659,0.0033088363707065582,0.484375,0.015625
32,"(8,)",0.2544066086411476,0.01611662656068802,0.515625,0.0625
64,"(2,)",0.251758374273777,0.0031275674700737,0.484375,0.03125
64,"(4,)",0.23427563160657883,0.02069249004125595,0.6171875,0.1171875
64,"(8,)",0.24687627330422401,0.003291364759206772,0.5625,0.03125
