Training_Length,Hidden_Neurons,Avg_Test_Loss,Std_Test_Loss,Min_Test_Loss,Max_Test_Loss,Avg_Test_Acc,Std_Test_Acc,Min_Test_Acc,Max_Test_Acc
16,"(2,)",0.2244688706472516,0.05026123782913385,0.13573194295167923,0.3791445940732956,0.6,0.18371173070873834,0.25,1.0
16,"(4,)",0.1913317808881402,0.04387775989127851,0.10201918333768845,0.2697789594531059,0.6875,0.17455300054711176,0.5,1.0
16,"(8,)",0.18318704850971698,0.04799374934410727,0.08620240911841393,0.25921667367219925,0.75,0.19364916731037085,0.5,1.0
32,"(2,)",0.21099618561565875,0.026641178234845256,0.16778386384248734,0.2511745095252991,0.7,0.1274754878398196,0.5,1.0
32,"(4,)",0.18373956345021725,0.02899928899202105,0.10631732642650604,0.24204792082309723,0.8125,0.19162137145944866,0.5,1.0
32,"(8,)",0.1744122146628797,0.042812908005558,0.09249159134924412,0.25531168282032013,0.825,0.16007810593582122,0.5,1.0
64,"(2,)",0.1818810386583209,0.04241210113387321,0.09529802575707436,0.239659883081913,0.7875,0.14306903927824496,0.5,1.0
64,"(4,)",0.1076345163397491,0.0401028220355138,0.04740483872592449,0.18181581050157547,0.9625,0.08926785535678562,0.75,1.0
64,"(8,)",0.09767381888814271,0.03310342274571712,0.05099077522754669,0.18918808549642563,1.0,0.0,1.0,1.0
